label,review
1,這大下雪天的百度騎士非常好非常快的送來了，必須好評大讚
1,速度很快，下雪天辛苦了。
1,速度很快，下雨天師傅辛苦，味道很不錯
1,特別好的師傅，冒雨還送得非常快，感謝百度外賣的送貨師傅們。
1,送餐超快，半個小時不到就送到了
1,哈哈...送貨神速.....贊贊贊
1,快遞到家非常快，快遞小哥服務也不錯，今後會繼續關注百度外賣
1,非常好，非常快！門牌號碼沒寫都能送到，謝謝。
1,速度很快，服務好，稻香村食品也特別好吃。
1,出門不便，一個訂單，非常快就送到了。也就十幾分鍾。
1,送餐人員很熱情，下着小雨很辛苦的大老遠給送來
1,很熱情速度快…哎喲不錯哦
1,好方便，用了代金券比去店裏買還划算
1,配送員辛苦了，十分感謝，速度很快！
1,非常快，稻香村老字號東西味道都不錯
1,因爲個人原因未及時付款，快遞大哥很和善，幫我想辦法，多謝！
1,送餐很速度！糕點很好吃
1,味道不錯，百度騎士的速度很贊～
1,非常好，很滿意。好好好好哈。
1,很好，很快，稻香村的東西就是好，百度騎士也很快很棒……
1,送餐帥哥服務超好。。
1,非常不錯，喜歡在百度外賣買吃的，速度快，服務好
1,送的非常快，包的也嚴實，好吃
1,很快的速度就過來了
1,挺好的，配送速度非常好
1,還沒吃，包的挺好的，就是木有禮盒了
1,沒想到呀，真的好快呀，支持支持！
1,非常快，半個小時送到。依舊是8月16號的生產日期。。。看來屯了好久了吧。不過也還好啦
1,非常快，方便。沒有碎的。都很好。1個月前生產的。。。還能接受。
1,稻香村的糕點一直都很好吃
1,點心好.送貨人員服務態度也非常好.贊一個。
1,送餐員很禮貌，很快！好評
1,不到半個小時就送到了，超快
1,送餐員服務很好，但商家把餐弄錯了
1,送餐員人很好，服務不錯。速度也挺快
1,送餐小哥很給力，大讚。
1,師傅辛苦了，認真負責，找了半天
1,配送速度很快，買來作爲早點還挺好。
1,很滿意，送的挺快，味道又好
1,百度快遞師傅非常好，這麼熱的天這麼快必須贊一個
1,非常不錯，味道也非常好！
1,第二次購買了，作爲早餐來吃還不錯。
1,還送了兩本書！包裝也很完好.比在店裏買還好！
1,送貨速度很快
1,"特別快。比美團快多了。以後就百度啦,雖然少了份牛舌餅但是很快送過來了。挺好的"
1,二十分鐘到了，太給力，大讚
1,百度外賣的袋子挺可愛的，送餐員服務也好。關鍵稻香村好吃！哈哈哈
1,這百度外賣師傅很好，到了以後沒有零錢，還特意跑去換零錢，很誠懇，下次還要訂百度外賣，給一萬個好評給我這個師傅，棒棒達。
1,挺速度的，有效率。
1,快遞很快，態度好，贊
1,"送得很快,東西也很好次"
1,"感覺香蕉布丁蛋糕不是很新鮮了。很硬。,其他還好"
1,很快，還送了禮物
1,蛋糕美味，送來的速度超快。
1,送餐很快，大熱天，辛苦配送師傅了
1,我的午餐首選品牌…
1,沒來得及，品嚐！但是快遞員少找我一塊錢！59.9的點心，我給他100他又要了一塊，找了我40.05元！鬱悶
1,速度很快，服務態度也好。
1,"特別快,而且好吃"
1,服務態度非常好，謝謝！
1,比在店裏買方便，東西特別好！包的很規整，百度騎士態度也特別好。贊
1,很好，快遞員服務態度很好，速度也快
1,又快又好！！！
1,非常好，送貨也快
1,送貨快，老字號值得信賴。
1,送餐小哥十分熱情，服務超讚，一定要表揚這個送餐小哥
1,湯多些面少些更好。
1,餐到的有點早，不知道味道咋樣，還沒次
1,菜很好吃，不過最好別吃帶湯的，因爲送過來時會變軟好多，味道還是不錯的
1,"最喜歡麻辣燙了,好吃~~~~~"
1,很好吃哦~~~
1,喜歡吃裹油條的煎餅，豆漿不覺得特別好。送餐特別快。
1,好吃，天氣冷叫外賣很方便
1,外賣人員服務態度特別好！大風天氣那麼冷，外賣準時送達而且也保證了餐的溫度！
1,很好吃，也很快，不錯！
1,煎餅很好吃，但燜面太難吃
1,服務很好！少了豆漿，又特地送來
1,快遞員很辛苦，贊一個
1,"送餐速度特別快,果斷好評"
1,燜面很好吃，速度也很快
1,味道不錯，騎士速度也超快！
1,好吃，送貨員很好，就是太大了，切開就好了
1,快遞小哥送餐快，煎餅味道也不錯，好。
1,味道不錯，配送非常及時，好評！
1,非常贊。棒棒的。贊贊贊
1,外賣小哥人超級好。。。。。。
1,非常熱情的大哥，速度快服務好
1,百度騎士人好速度快！
1,"不知道黃家是沒有薄脆的。。不愛吃，,肉鬆的不錯"
1,"非常不錯,喜歡:):)"
1,非常方便早餐到家。快遞小哥很好。
1,快遞員很辛苦！給個
1,好吃，豆腐腦也很好，就是送過來的時候有點涼了，得加熱一下
1,一直久聞大名，味道還可以吧。
1,"感謝寒冬送餐,您辛苦了,服務很好溫柔"
1,一如既往好吃又快捷！！！
1,外賣給力煎餅非常給力
1,味道不錯，快遞師傅贊贊噠
1,超喜歡吃豆腐腦和煎餅
1,非常滿意，送餐員態度很好
1,小哥人很好，辛苦了～～
1,味道還可以，就是太少，沒有什麼特色，不會再買了
1,味道美極了，百度騎士的工作態度認真，商家電話不通，騎士親自去店裏說我的需求，真是棒棒嗒！
1,"棒棒噠棒棒噠棒棒噠,師傅辛苦"
1,小哥態度特別好，送的很快
1,送餐小哥速度很快～煎餅不錯
1,經典組合，一直比較喜歡。
1,吃習慣了，我們一直都點他家。就是用心做得好。
1,路邊攤買的我吃不完，皇太極買的吃完一個還覺得不飽！第一次也是最後一次……
1,速度很快，態度很好，贊一個
1,每一款都喜歡！太久沒吃過油條了！贊贊贊！
1,煎餅越來越小越來越小
1,早餐首選，快遞小哥準時
1,還行吧，偶爾吃一下還可以
1,第一次點餐，太驚豔了，在這種霧霾天，下單之後20分鐘就送到了，還沒品嚐，直接全給五星好評，外賣小哥辛苦了，你們要注意身體哦，麼麼噠
1,師傅辛苦，很準時，點贊！
1,下雪天送餐小哥摔了，結果很快又重新送過來一份！
1,瞬間就送到了，冬天吃外賣好溫馨
1,味道和送餐沒得說，不過本來29減價現在邊30了。唉
1,"味道不錯,味道不錯。。"
1,一直點他家的煎餅，第一次點卷類，臥槽，辣成狗了，希望商家少放點辣椒，實在受不了
1,那個麻辣拌素居然放糖…
1,"贊贊贊,很好吃,小哥送餐也很快"
1,沒有想到雞柳沙拉里面有那麼多沙拉醬，我本來就感冒了不想吃太膩的，沒想到還是吃了。。。
1,"還可以,但是餅還是烙出來的好,這種攤出來的,麪餅,黏黏糊糊,不如那個好吃"
1,"挺好的,挺方便,非常好,不錯"
1,"好吃,非常好吃"
1,非常好吃下次再買不錯不錯
1,不給筷子，鹹菜難道要用手抓着吃……
1,"有點涼了,煎餅不熱乎就好吃了,不過能在這雨夾雪的夜晚在屋裏等待晚餐也是很爽的一件事兒"
1,我點的一個扁豆燜面套餐，還單點了一個奶茶，還有一個煎餅，結果只給我了一杯奶茶，套餐的可樂沒給我，客服電話還老打不通，送餐師傅也不容易，算了，習慣好評。希望店家能在網頁上留下送餐師傅的電話好即時聯繫。
1,超級快！還是熱的，謝謝～
1,喜歡吃包菜粉絲卷！豆漿也很好！
1,很好吃，以後快餐就它了
1,"煎餅不錯,麻辣拌素簡直黑暗料理"
1,又快又好！一如既往！！❤❤❤
1,南瓜羹撒了滿口袋，煎餅已經慘不忍睹
1,都挺好的我很滿意。。。
1,味道還可以，快遞很快。
1,"非常好,素拌分量剛好一人吃，奶茶略甜了些，但有普洱味道，挺好喝的。,送餐小哥很有禮貌"
1,好吃但是太鹹了，其他都還好
1,豆腐腦再多點香菜就好了
1,地址寫錯了，快遞小哥人特別好，沒怪我，雖然食品有點冷了，但是快遞小哥的服務不錯，贊一個
1,好吃，就是稍微有點涼了
1,"很快很快,但是南瓜羹很難喝"
1,還行，豆腐腦味道不行
1,超!好!吃!沒吃過這麼好吃的煎餅!
1,挺好的，豆漿很好喝～～～
1,"今天這個貌似不是很新鮮,而且送的有點慢,從訂到送用了1個小時,昨天用40分鐘,橙汁灑出來不少"
1,"雞柳這個挺實在的,就是炸的,略膩"
1,涼麪很贊！值得回購哦！！！
1,拉麪吃到後面，感覺怪怪的
1,感覺有點辣，味道一般
1,"挺不錯,老想吃,貴也吃,第一次吃就吃好了"
1,速度快，服務好，非常贊
1,味道還可以，主要是省事，送餐小哥不錯，非常速度
1,還是黃家好吃，及第不喜歡。不過還是不錯
1,還不錯，挺好吃的，下次再嘗試下煎餅
1,黃太極裏的巨無霸。。
1,帶脆餅的煎餅好吃
1,"好吃,快遞很快,健康放心"
1,我說辣一點是在涼麪裏。捲餅裏的全部都是辣椒超級啦只有兩片都是肥肉。啦的我噴火其他還好啦。吃了你家很多次了怎麼能這樣傷人心啊
1,買少了。沒吃夠。下次多要點。送過來薄脆還是脆的
1,味道不錯。醬香。蘑菇也很鮮
1,品質不錯，希望一如既往地堅持！
1,"我要求十一點五十到十二點之間到，送達時間非常準～,本來還怕不夠吃，其實量足夠～而且很好吃～"
1,煎餅味道不錯，豆腐腦也很贊
1,"略鹹，建議添加選項,少刷醬嘻嘻，別的不錯"
1,準時到達，非常滿意
1,豬蹄太好吃了！煎餅也不錯。可惜蘑菇是油炸的。
1,"快遞給力,煎餅給力,會一直點餐"
1,"快遞速度給力,煎餅一如既往的好,給贊"
1,煎餅味道一般，沒覺得有多好，也許是期望值高了。
1,送餐及時，煎餅還是在店裏做完當時吃香。
1,等了有點久
1,味道不錯，就是送的慢
1,味道一般，速度還挺快的
1,豆漿不錯到手一點沒撒而且還是熱的！贊快遞
1,團購超值，很方便，味道也不錯，女生吃有點多
1,土豆絲素材卷期待改良……真心不如薄脆煎餅
1,涼麪味道確實不錯，豆漿好喝。速度快。
1,拉麪煎餅真的吃不習慣……還不如改成辣椒醬……反正不如薄脆煎餅味道好。豆漿一致都不錯，挺濃郁的。
1,味道不錯，份量夠足，速度也快，態度好。
1,味道其實是大衆水平，但是乾淨，送餐快，真的好服務
1,不錯，口味很好！
1,煎餅不適合外賣，時間稍長就軟塌了，
1,比別家雞排小
1,多次買了，很好
1,整體都很不錯
1,小炒肉太辣，其它還行
1,唔，爲什麼要滴皇家煎餅，卻給滴薄脆煎餅哇。。。不應該是夾油條嘛，傷心
1,很好吃，很快
1,小炒肉捲餅好辣~
1,太好吃了！…送到也超快！！
1,非常準時！！！雞肉的很好吃
1,很不錯的~
1,感覺口味偏甜
1,點了個雞柳蔬菜煎餅套餐，包括一個煎餅，一碗豆腐腦，一杯豆漿
1,"速度快,性價比超高"
1,挺好的喲。
1,還不錯的，很快。
1,不錯，就是豆漿橙汁都不好喝
1,不錯，就是橙汁都不好喝
1,速度略慢了
1,北京大雨，還能提前15分鐘送到，煎餅豆漿豆腐腦還是溫熱的，很好，很感動，會繼續回購
1,不錯方便好吃
1,真不錯，還有活動，超值的
1,"價格太划算了,買了三個水果盒,一杯豆漿,兩個煎餅,才¥28。食物好吃乾淨,水果新鮮,葡萄粒粒飽滿結實,桂圓大粒,煎餅飄香。,這麼大雨,大暴雨啊,真的很感動,謝謝送餐大哥,您辛苦了！！！"
1,煎餅是我吃過的最好吃的煎餅，大個，重要的是沒有一點沒糊，油條非常低油，感覺很健康，味道也很好。抄手很夠味，但調料稍微偏鹹。豆腐腦很贊！很實，滷汁很解渴。椒鹽雙菇也不錯。
1,小哥很不容易呀，其實時間還好，還一個勁說不好意思來晚了。大熱天不容易，包裝菜品也好，一如既往，真的乾淨。
1,豆漿沒有送，希望下次檢查好再派送
1,還不錯，送的很及時，煎餅不錯，豆腐腦能加個醋包，辣椒神馬的就完美了
1,好吃量大吃不完
1,超級好吃！又快！！
1,中國版肉卷，贊
1,味道不錯，很實惠
1,太實惠了，吃到撐啊！
1,好吃又實惠，感謝快遞員哥哥，
1,煎餅還是得現做現吃，豆腐腦非常好吃！
1,雞柳蔬菜煎餅味道真心不錯！就是配送時間太久啦！
1,"很不錯,很好吃"
1,挺好吃的額，繼續加油↖(^ω^)↗
1,還是不錯的
1,送餐很給力！上次點餐留言說可樂換豆漿，誰料這次竟記住了這事！不得不再贊一次！同時看到有人抱怨送餐速度的問題，作爲一個旁觀者而言，我只想說，送餐員不是宇航員，電動車不是火箭，你住在火星非要享受住地球人的用餐待遇，怎麼可能？我之所以選這家，首要原因是近，萬萬沒想到，從此停不下來了！竟愛上了這個味！
1,好吃好吃好吃送餐還快！
1,味道不錯，要是沒有優惠，就太不值當了
1,"划算,優惠過的價格纔對得起煎餅果子,味道也還行"
1,第一次用這種玩意，感覺羊都已經被薅禿了
1,好吃快捷！
1,味道挺好的，南瓜羹量太少
1,涼麪有些油
1,比較好，非常準時
1,豆腐腦不夠嫩但是煎餅和炸蘑菇很好吃…沒吃夠…
1,好吃，乾淨，包裝絕對一流，好，，還便宜，。
1,挺好吃的，滿意，速度真快
1,速度快，優惠大，味道佳
1,口味質量俱佳，送餐小夥很不錯
1,我訂的雞絲麪沒給送筷子
1,好吃，豆腐腦的盒子改良後比原來好多了！
1,習慣好評，味道對我來說，很一般，豆腐腦太淡了，煎餅明明要的是薄脆的，結果送來的還是油條的，哎
1,給同事訂的，還行吧
1,醬有點兒多了
1,"送餐很快,煎餅還熱氣騰騰"
1,送達晚了些，但是送了一瓶飲料，心情舒緩了些，好評
1,送貨小夥服務很好，送到公司裏，小夥很帥！
1,價格給力！
1,非常好，越來越好
1,不錯，菜品選擇再多一些就好了
1,很好吃，百度外賣很實惠
1,很好很好很好
1,師傅很耐心！等了我好久！~\(≧▽≦)/~
1,這次送餐很快
1,味道不錯啊！
1,比起煎餅，紅油抄手味道棒棒的，就是18一份，抄手能多一點就好啦
1,煎餅很給力
1,我以爲付款那個留言備註就是擺擺樣子呢，即使不擺樣子，餐廳備菜人員也不會在意！於是在備註欄裏顫顫巍巍地提了自己不喝可樂，已經存了好幾杯黃太吉的軟軟了，不知道軟軟能否換成豆漿？確認，發送！結果，果真見證奇蹟的時刻發生了！是豆漿，沒錯的！送來的是豆漿！以至於我激動得忍着餓冒着隨時餓昏的危險非要在吃前來評論！
1,評得我都詞窮了！買買買！
1,挺好的，很方便。
1,很給力！便宜又好吃
1,很給力！便宜好吃
1,很給力！價格便宜，好吃！
1,味道不錯，薄脆很脆～
1,跟在店裏吃的一樣，而且面、料、菜、湯，都是分開裝的，很專業，不錯哦~~~當然，要是沒有運費就更好啦
1,非常滿意！量足味兒好！
1,不脆了可惜
1,多次購買！贊
1,"不錯,好吃"
1,非常好，送得及時
1,乾淨衛生送貨快
1,套餐就夠一個人吃了，點多了
1,味道還行~豆腐腦的滷澱粉可能多了
1,吃了好幾次，很好吃
1,這次送餐時間超快！
1,很值啊！用來訂，味道好吃不膩。
1,好吃還有優惠
1,真好吃!!
1,非常好，特別快，感謝送餐小哥
1,豬蹄再爛些就完美了，手套很貼心
1,送餐員的態度真的特別特別好！而且這次速度特別快，煎餅的味道就更不用說了
1,速度快，味道還
1,很好吃，量又大！
1,雞柳裏面的醬吃到後面有點膩
1,優惠很大，味道不錯。
1,兩份一起下的單，結果第一份10分鐘就到了，第二份多等了半個多小時，還是打黃太極客服催了之後才配送的…餓shi了
1,"其它都挺好,就是雞柳煎餅太難吃了,太重口味了,吃完直噁心"
1,煎餅很好吃！送餐很快！
1,一如既往地好吃
1,好好，不錯
1,送餐很快，菜品不錯。
1,一個煎餅和一小碗南瓜粥30多真有點貴
1,真是傻缺的一個賣家
1,好吃，小哥每次都給爬樓梯，很贊
1,"稍微慢了一點,總體還是不錯"
1,好吃極了，這次送的還比較快。
1,希望速度能快些
1,送餐早一點就好了。
1,肉鬆送成雞柳了，賺到了
1,挺好的，就是煎餅吃到尾端都成糊狀了。
1,"很好,只不過吃完拉肚子了"
1,很好吃，經常訂
1,煎餅果子，吉不可耐！吃吃吃！太像廣告了嗎？
1,每次都棒噠噠的！超讚！
1,送餐太慢了！！！！！
1,不錯，經常吃
1,催了一次單，商家送了一個可樂和水果盒東西非常好，快遞員態度也好
1,送餐非常快，味道也很好吃，薏米水有味道不甜不淡，夏天多喝除溼，正好～
1,豆腐腦淡了
1,第一次吃！很不錯！
1,第一次嘗試，味道還不錯
1,就是煎餅已經軟了
1,挺好的，不錯
1,薏米水太甜
1,好吃又不貴，就是送的慢
1,喜歡這個味
1,喜歡吃皇太吉的煎餅
1,特別快，服務菜品都不錯
1,很好吃，定了好幾次了
1,沒有及第好吃，話說也太慢了，等了快倆小時。
1,煎餅不脆了，涼麪和煎餅放一起了變熱的了
1,好吃又便宜，真的真的很好吃。
1,送餐很快，滿意！
1,好吃，這個評價夠了嗎
1,還好吧，在家能吃到愛吃的早點，比較衛生，就是時間長了些，味道不那麼好了，不過店家多送了一杯豆漿
1,"我感覺還不錯哦,乾淨,衛生,就是那個雙蘑菇量也有點太少了吧,就一小碗,不過好吃是真的,下次還會繼續訂,嘎嘎~"
1,"早有耳聞,,結果配送太晚了真是黃太急了，味道還是不錯的"
1,雞絲涼麪太油了，豆腐腦超級好！一小時二十分鐘送來
1,挺好吃的，就是慢了點，煎餅不脆了
1,"很好,配送員也很好"
1,再加點菜啥的就更好了
1,外賣的餅有點軟了，不過送餐還是比較準時的，一般都在30到50分鐘之間就能送到，今天的豆漿沒有糊味，贊一個！
1,紅油抄手不錯
1,豆漿撒的有點兒嚴重……
1,"可樂撒了快一半了,謝謝"
1,好吃，就是送的太快了，沒有按照預訂的時間送達
1,送的非常快，量足，吃的很飽，灰常不錯！
1,"菜品味道好,配送員態度好"
1,和傳說中的一樣，就是分店少了點，多開些分店，好在北京大部分地方都能吃到。
1,今天第一次吃黃太吉的煎餅，不得不說，黃太吉的煎餅確實很好吃，讓人回味無窮，你吃過一次就知道知道我說的了，而且店家很用心，服務很好的，下次還想吃！
1,特別好，沒有之一
1,不錯，挺準時
1,除了南瓜羹有點酸，其它都挺好的，還會再點的，除了南瓜羹。
1,薏米水也很贊
1,用大衆點評直接訂餐50多塊，說無法送餐，退款，用百度外賣優惠完29塊就送到家了，我啥也不說了，開心啊！
1,沒有在店裏好吃
1,送的太快了
1,味道不錯，服務挺好
1,感覺醬味不太適合老北京人
1,"等兩個小時多,差點沒餓死"
1,酸梅湯是小時候的味道
1,很好吃的煎餅
1,"系統bug，我把地址修改了，配送員收到的地址還是原來的，幸虧黃太吉送餐小哥辛苦又給送過來，贊一個！,餐很不錯，豆腐腦很好吃！"
1,一般，煎餅更適合現做現吃吧
1,太好了！！！
1,雖然等了一個多小時，但確實因爲天氣熱，外賣小哥送不過來，辛苦辛苦，好評
1,外賣員不送上來，店員親子送上來，十分感謝
1,食物很乾淨，吃着放心
1,小菜很好吃。
1,味道還是很好，會繼續使用
1,沒有第一次吃的好吃
1,恩還不錯，就是訂餐的時候系統匹配錯誤。打電話調節了一下，從新下單才訂上
1,味道依舊很好！這次速度
1,味道不錯，好吃
1,這訂餐我也是醉了，這回來的太早了，還沒午休呢就到了，
1,好吃、好吃。
1,味道很好，送餐快
1,一直喜歡一直很滿意
1,豆腐腦很好喝，煎餅果子也不錯，網上訂餐超級便宜
1,今天的土豆絲卷太酸了，以後不敢再點了
1,煎餅非常好吃，個頭大，點了兩，一個就吃飽了，麻辣雞絲涼麪一般，也許是個人口味問題吧。
1,"不錯,很值"
1,肉鬆的相對好吃一點
1,特別合適，好吃
1,煎餅裏沙拉醬太多了，齁鹹齁鹹的……
1,好，便宜，快
1,豆瓣醬太多了吧，好鹹
1,煎餅挺好的，就是龍抄手真心太少了，而且一碗要大十幾塊錢，有點不值。
1,送餐很快，小菜很好吃
1,不錯不錯不錯
1,比上次強太多了，一直在進步
1,口味不錯，值得推薦。
1,煎餅送到不脆了，雞絲涼麪味道還成，就是面太少
1,過節果然不一樣，忒快了！建議豆腐腦換成小的沙拉更好了
1,送餐少送了一份，打了電話又送一次，還贈送了果醋和糉子，沒多少錢的東西讓人家跑了兩趟也挺不好意思！
1,端午節還送糉子。業界良心啊！很棒
1,很貼心的包裝，食物也很美味，謝謝
1,送的有點慢，不過師傅很辛苦給5分吧
1,東西還是很好吃的，要是速度快點就無敵了
1,好吃，送餐還快
1,南瓜羹不錯
1,非常好吃，量足，價格也比較合適.服務也很好!
1,"小清新的飲料太甜了,很不正常那種甜"
1,"挺不錯的,味道好,也乾淨"
1,在SOHO500米外的融科望京苦等三小時之後終於等到了！！！
1,超級好吃，由於上一單送餐員走錯路還送了個小果盤，喜歡
1,所有菜品偏甜，但口感還不錯，值得推薦
1,"除了慢,其他ok"
1,少送了一份南瓜羹，不過後來很快補送了，超愛
1,很有創意的煎餅
1,好大一個煎餅
1,還可以吧。不過最好可以有個標籤標明是哪種煎餅，不然不容易分別出來！
1,味道不錯，肉鬆的稍微油點，土豆絲卷還可以，加強送餐
1,除了抄手的湯和飲料撒的一塌糊塗吧
1,"哈哈哈,好吃"
1,"收到煎餅餘溫都沒有,都塌了,真是不能再慢了"
1,要是快點就好了
1,靠譜的一家
1,味道都很好，就是終於飯點送餐慢
1,好吃，送餐員很盡職。
1,豆漿挺好的
1,好吃！終於讓我吃上了！
1,"送餐小哥特別可愛,小跑着就把煎餅送來了,還一直說抱歉,送晚了,上次送錯的這次也補上了,豆腐腦好吃,煎餅還是脆的好吃,其他的都不是北京的口味"
1,煎餅好吃！！！
1,冒雨送餐，感謝！
1,"有點慢,別的沒什麼"
1,"味道不錯,難得的煎餅果子"
1,整體來說不錯
1,不錯，還會購買。
1,希望下次儘量按時送，不要太早了
1,總體來說還不錯，就是煎餅時間長了有點軟，沒那麼好吃了
1,好吃得不行！
1,味道很好啊
1,不錯，吃一個就很飽
1,今天比平時慢了
1,時間準。不錯。兒子很喜歡。
1,"哎呀,超喜歡,都好吃,期待能有更多新品,更多選擇"
1,嗯，口味可以，實惠
1,挺實惠的，吃撐了
1,好，愛吃夾油條的煎餅果子
1,"蘑菇和南瓜太少了,薄脆煎餅一個不夠吃"
1,稍微有點晚
1,煎餅很好吃~
1,煎餅口味偏淡，有點幹，可以改進一下
1,可能中午點單人多，等的有點久
1,醬再多點薄脆蓬點就好了
1,點了三種煎餅覺得都好吃，雞柳的裏面有菜有沙拉醬。送餐時間45分鐘。
1,"非常好,下次還來訂"
1,拌麪真心好吃，煎餅口味有點吃不慣
1,煎餅真唑實，一個就撐。吃的拉麪煎餅
1,又快又hao
1,忘記給勺子了，豆腐腦沒吃成
1,久仰大名，到望京了，我覺得打折過後非常不錯
1,藕盒不錯，就是有點涼了；捲餅一般
1,很不錯，吃過的最好的煎餅
1,紅油抄手貴，但味道確實不錯
1,味道不錯，價格合理，很好吃
1,"推薦,真的很好吃哦"
1,超級好吃哦
1,很不錯，豆腐腦好喝，油條煎餅好吃，豆漿還備了糖，周到
1,好吃好吃.頂頂
1,"量太大了,還算準時,喜歡黃太吉"
1,美味，及時送達，好評！
1,太好吃了！正宗煎餅！
1,很好吃的煎餅！薄脆很脆～油條也不是很油！推薦～肉鬆的也很好吃！
1,不錯…還挺快…還吃
1,豆腐腦很淡，不太喜歡，豬蹄不錯！
1,"送貨的小哥服務態度特別好,煎餅真的很好吃,豆腐腦一般,贊贊贊"
1,"送錯了,很積極的更換了好評"
1,特別好特別好特別好
1,還是有點吃不慣肉鬆煎餅，不過還是很好的
1,黃太吉一如既往的好吃，還得點近的地方
1,送貨快～一直聽說黃太吉～終於品嚐了～很好吃
1,味道好，就是忘給我餐具和紙巾了，豆腐腦沒法用筷子吃呀
1,棒，是不是考慮辦個會員卡呢
1,每次送餐過來都能少點什麼，不是少紙巾就是沒吸管。
1,這次不錯，贊一個
1,"味道很不錯,傳統風味"
1,"煎餅好吃,外賣速度快"
1,好快！！！味道不錯
1,還是可圈可點的
1,"好實惠,都吃不完了"
1,味道不錯，煎餅很好吃，比早點攤賣的好吃多了，豆腐腦也很好，量很很大，其實一個煎餅一碗豆腐腦就夠吃了，可樂和炸藕盒可以當下午加餐
1,涼麪送來的時候有些軟～但還是很好吃
1,便宜實惠量足好吃！
1,煎餅還行，紅油抄手好多油啊…
1,挺好，掌握訂餐的時間點還是很快的。
1,"特別棒,好吃"
1,要的微辣，但是涼麵超辣
1,"及地很好吃,很特別,微辣"
1,看評論還擔心特別晚才能送到，還特意打了客服電話詢問，結果半小時就送來了，薄脆還是脆的。味道也不錯，就是醬略鹹。
1,真心好吃！！
1,各種好^_^
1,早了，我不方便。然後讓我等
1,味道不錯，配送時間有點長
1,送餐的大叔非常好
1,東西好吃，包裝也仔細，送餐很快！
1,"之前不知道爲什麼取消我訂單兩次,這次打電話說80分鐘能送到,問我能接受麼,想吃煎餅就同意了,最後60分鐘送到的,味道還行,送來的時候,薄脆還比較脆,就是煎餅裏放了辣醬,稍微有點兒辣"
1,略慢，不過很好吃，五星好評，點個贊。
1,服務很到位，土豆絲卷很好吃，中午訂不了粥可惜
1,時間有點久，不過總體都還好
1,雖然小貴了些，但東東不錯
1,送來的時間還是能接受的，菜品也都保存的很好
1,挺滿意的，可樂特意用膠帶封口，沒有灑出來很多，豆腐腦和煎餅我覺得味道都不錯
1,味道很不錯，還送溼紙巾，很細緻。點贊。
1,價格略貴，豆漿太少
1,味道不錯，送餐稍慢
1,煎餅裏面的油條很好吃，但是薄脆送到家肯定沒有現場吃好吃，捂一會兒不太脆了。外賣還是裏面放油條的更好
1,味道不錯呦
1,口感不錯，很好
1,非常棒，就是這送餐費略貴。這麼近
1,味道很好，分量足，好好吃
1,味道不錯，耦盒很好吃！
1,夾油條的纔是煎餅果子，口味不錯，可惜沒放香菜，藕盒也還不錯
1,味道真的很好，送貨員人也特別好，總之一切都特別滿意！！！
1,味道不錯(o^^o)♪粥很香甜
1,"外賣人員很給力。除了蔬菜粥都好吃。,那個蔬菜粥盛的時候能不能注意點。吃到四根頭髮。果斷給扔了"
1,送單小哥的電動車沒電了，送餐時間差一分鐘就超時了，希望後續不要出現類似的問題哈
1,送餐速度極快，師傅態度非常好，辛苦啦！菜的味道也非常棒，紅豆薏米粥非常好喝
1,送餐師傅好棒！特別快就送過來了！吃的也不錯
1,都很好吃而且送的特別快！非常感謝！
1,酸菜味道超棒，送餐速度也很快，辛苦快遞師傅了！
1,生病在家點的餐，份量很大，味道也不錯
1,感謝送餐小哥，態度非常好
1,真心不錯哦，特別好。
1,好棒！一直支持！如果有蓋飯就更完美了
1,涼拌土豆絲沒有放醋哦
1,快遞大哥態度很好，送餐也快。味道不錯
1,好評~挺快的，粥也足量
1,送飯很快，態度很好，贊，
1,這個送飯的大哥好客氣啊，我都不好意思了
1,又快又好，態度友好，下次還會用
1,還是挺快的，四十分鐘吧
1,菜品好吃，味道正，量足，用料好。快遞小哥效率高，服務周到，跑了兩趟特意送發票，認真負責，贊一個!
1,天這麼冷，送餐師傅很不容易，贊！
1,整體不錯，不錯，不錯
1,送餐姐姐服務特別好，耐心友善，贊贊
1,配送員配送很快，粥好吃。
1,服務很好，送的很快，很有禮貌。
1,送餐速度快，師傅態度真好
1,回鍋肉分量很足！很不錯！
1,蔥花餅好吃，一份不夠吃有點。建議出大小份
1,味道好，送餐快！
1,非常好，送貨的師傅特別好，謝謝
1,分量比較足，但是稍微鹹了一點
1,非常不錯，送餐快菜量足味道好
1,騎士太給力了，送餐快，直接到門口
1,謝謝送餐師傅，飯菜也比較可口。。。
1,不錯，就是地三鮮油太大了
1,"快遞師傅送的很快,給個贊"
1,很不錯，加班餐定點，很好吃
1,很快，師傅很好，很快就送到了
1,非常好，送的也非常非常快
1,包子一般，肉汁少點，粥不錯
1,送餐小哥神速！粥挺好，肉餅超好吃
1,速度超快。服務好，超預期。
1,大雪天，很快送到了，態度很好。百度騎士很專業！
1,很好吃，。送餐準時！！！
1,送餐很快，很熱情，很好
1,"回家路上下單,到家一會兒就送到了,大晚上的,謝謝百度騎士,飯味道好,就是感覺好像放味精多了,飯店的飯都放,沒辦法"
1,菜量很大，味道也不錯，師傅速度很快，好評～
1,口味不錯，送餐小哥服務也很周到
1,送餐員太好了，跑了兩個地方，辛苦了
1,"真快,味很好,也很方便"
1,"送餐奇快啊,就是手撕包菜花椒多了點"
1,"送餐速度快,味道也不錯"
1,送餐速度快，送餐速度快
1,太新鮮了～熱乎乎的粥把盒子燙軟了、可是很美味喲！分量足
1,送餐師傅非常好！
1,百度騎士冒雨前來，送餐及時，非常感謝
1,燜面量比較小
1,疙瘩湯非常適合小朋友吃，疙瘩又多又小
1,蔥花餅不好吃
1,味道不錯，送餐也快
1,醬肉醬包蠻小的，不過給了五個，味道很不錯，第二次訂了~
1,以後再來就只點粥喝口……
1,就在家附近，以前總去吃，可是近兩三個月以來菜品沒有以前好吃了，大拌菜拌苦菊一類的菜總是很甜，估計是商家爲了省事就放在糖水裏泡着，炒菜用的油也沒以前好了，我老公胃敏感，能吃出來，油不好他會胃疼的，估計價格親民後成本太高商家就開始糊弄事兒了，現在基本不愛來這裏了，寧願繞道去上品粥面，店員服務也沒以前那麼好了…好的東西貴在堅持，希望商家有心能懂這些，哪怕提升價格也別降低質量，否則日久天長損失的還是自己
1,這次的粥一碗太鹹啦，另一碗沒放鹽。。明明買的都是皮蛋粥的說
1,準時，味道也好，餐盒包裝好，五星好評
1,這家的粥是我吃過最好吃的了，用料足味道也一級棒
1,"很好,速度快"
1,很好…送餐很快，菜也很好吃
1,不錯不錯，胃不舒服才點的粥，清爽，料足。外賣小哥服務態度也是很棒
1,粥的味道很好
1,點餃子不給拿醋
1,木有辦法，喜歡吃的手撕包菜還是在店裏好吃一些，放餐盒吾的一般。
1,水煮魚不錯，吃兩次了
1,很好吃，粥是精品，涼菜也很好吃。
1,速度很快，不錯啊
1,眉州東坡的宮爆雞丁很好吃，送餐也很快
1,速度快快快，飯菜熱乎
1,很感謝趙小哥，不到半小時就送到了，這麼大風的天氣，很辛苦。
1,一直在梅州東坡下單，好吃呦！^_^
1,很好吃！很快！非常感謝！
1,非常好吃！送貨又快！推薦
1,第一次使用百度外賣，感覺真方便，送餐速度很快，味道也很好！
1,吃過好幾次了，味道挺不錯的，外賣送的很快，喜歡
1,菜挺好的，就是太慢，一個多小時纔到
1,騎士很好！非常負責任，所有的騎士都可以像這個騎士一樣就太好了
1,送貨超級迅速，服務到位，好評
1,米飯實在是硬的離譜……
1,炒飯油，鹹，雞丁也炒鹹了，放在飯盒裏，應該淡一些
1,很準時，還熱着呢，滿意
1,眉州炒飯超級鹹啊京醬肉絲也超級鹹，沒有堂食的好
1,"很滿意！送餐速度挺快的（畢竟近,馬路正對面），菜量沒有堂食多。"
1,大風天，騎士辛苦！好評！
1,師傅服務好送貨快，性價比超高
1,服務好，速度快，專業
1,快遞很棒！水煮牛肉不好
1,味道好！名店質量有保障！送餐速度也很快！
1,特別感謝快遞小哥，讓你久等了
1,非常快，非常好，沒啥說的
1,還不錯，味道有點家的感覺
1,送餐很快，味道好，兩個菜一盒蛋炒飯足夠倆人吃了
1,好極了好極了好極了……
1,涼拌山竹筍特別好吃。
1,服務態度很好，服務態度很好
1,"外賣速度快,飯菜依然好吃,點贊"
1,土豆絲太淡了，沒有滋味
1,"壇壇東坡肘子,好辣"
1,四季豆不幹，外賣很快
1,味道不錯，品質依舊，不錯
1,好吃！並且包裝的特別好！梅州東坡棒棒嗒
1,挺好的，速度也快。湊滿十個字
1,不錯，不錯，用百度外賣太方便啦！
1,不錯，不錯，家裏有人住院，用百度外賣太方便啦！
1,筍確實不錯，宮保雞丁沒原來好吃，不知道是換廚子了麼，還是做的着急了，下回不用太着急，發揮正常水平就好
1,姜太多了，有些吃不適應。
1,飯菜質量很好，服務好。送飯速度快。
1,飯菜香質量好，服務好，送飯快。
1,"飯菜質量很好，送貨速,度快，。服務好。"
1,必須給快遞小哥點個贊
1,這麼大的風，快遞還很快，而且菜味道不錯！
1,雞丁有點兒鹹沒有在店面吃的好吃有甜味
1,配送快很滿意就是炒飯將有太多啦
1,送餐員太辛苦了！在這麼冷的天氣還能準時送到，點贊
1,好極了好極了好極了。
1,今天天氣很冷，送餐師傅辛苦啦
1,味道好吃，就是這配送真慢，還是給五顆星，配送人員也不容易，請下回注意
1,很快很好。謝謝。辛苦了。
1,騎士很辛苦，大冷天，服務態度很好，值得好評，菜品也不錯，
1,不錯，送餐及時，還會再光顧的
1,好吃，就是速度慢了點。不過沒關係。送餐小哥非常有禮貌。
1,我把地址弄錯了，騎士二話沒說就馬上給我送了過來，服務棒棒噠！給一個大大的贊
1,師傅送貨很快，宮保雞丁和川式臘味拼味道不錯
1,眉州東坡的菜名不虛傳！好吃！
1,準時，效率，有責任心！贊
1,泡菜有點辣，其他都不錯，個人喜歡吃白菜豆腐粉絲丸子湯。
1,乾煸四季豆特別好吃，豆腐太嫩！
1,速度快，菜品和堂食的質量一樣。外賣的包裝很用心。
1,薑蓉雞，新菜，味道也不錯。
1,"太不好意思了,讓師傅大風天等我半小時，手機靜音了,太抱歉了。第一次用百度外賣，很好"
1,味道不錯，可惜量偏少
1,"多搞活動哦,尖椒土豆絲沒有味道。"
1,送餐很及時
1,服務很好，準時送到，菜品也很好
1,非常好吃，經典，必吃！
1,感覺真不錯，看包裝就給人乾淨放心樣子，量也很足，不錯
1,雖然晚了點，但是天氣這麼冷可以理解，師傅很不容易，謝謝啦
1,速度快，質量高，很好
1,速度很快，味道也不錯
1,眉洲的除了有些辣以外還是很好吃的
1,味道不錯，送餐速度挺快
1,"農家小炒肉,有一點辣了。"
1,鴿子鮮嫩，味道不錯，送貨及時。
1,外賣小哥特別熱情特別好！～
1,沒有餐具哦，還要自己點餐具麼
1,"配送的又準時又快速。,肘子味道好就是量太少，雞丁一般。"
1,方便快捷，態度相當好，繼續支持百度外賣！！
1,還不錯，包子味道好，炒飯稍微油了點，不過能接受
1,地址寫錯了，6樓，爬了兩次給回來的，小哥人很好
1,"第一次點你家的菜,太好吃了,尤其是魚香肉絲。特別好吃,以後就是你家的常客了"
1,百度師傅人特別好，送餐也很快。菜品味道也不錯。滿意滿意。
1,全部超五星！！菜品和送餐速度全都棒棒噠！！！
1,湄洲的飯菜還是比較好的
1,非常可口，油量剛剛好，美味佳餚
1,送餐小哥又帥態度又好
1,很好吃，貨真價實。送貨快。
1,配送太牛了最牛的配送師傅我定了30份快遞師傅都想辦法送來辛苦！商家也送了湯最滿意的一次外賣
1,一如既往的乾淨好吃。
1,好評，服務好，態度好，味道也很好！
1,外送員非常迅速呀，態度也好，菜也好吃，好評！
1,準時送到，辛苦辛苦，謝謝！
1,挺快的。菜送來還是熱的。
1,送貨人員服務很好，迅速及時，菜品口味很好
1,很棒，除了自己和老媽做的，也就他家的飯菜讓我覺得可口了
1,很好吃，送餐大姐人很好，特別準時
1,很好哦，很好很好。。。。
1,今天的丸子怎麼那麼難吃，哎
1,"很好,贊！"
1,送餐及時，服務熱情，美味
1,宮爆雞丁沒放辣椒，簡直了，也就因爲家裏有小朋友不能吃辣，不然就直接倒了，太難吃了
1,菜太難吃了！一次夠了！再也不買了
1,送餐速度很快！就是忘了點備註的需要餐具了，以後能不能直接送餐具？
1,第一次點，不錯。評價有點晚，送餐師傅服務好，速度快
1,很準時，味道不錯，不過還是沒有現場吃好吃……送餐師傅辛苦了！
1,送餐很快，服務周到，很贊
1,送單很快，菜也不錯贊
1,不油膩，好吃。陪米飯
1,速度很快，食品也特別棒！
1,"東西不錯,很好吃,配送很快！"
1,服務好速度快，100分
1,速度很快，百度騎士人也特別好！
1,今天土豆絲一般，沒有之前的好吃，估計換廚師了
1,送餐員平易近人，速度快，好評！
1,超快超好！感謝感謝！
1,送餐小哥夠速度！滿意
1,已經點了幾次了，菜的味道超級正，油也很乾淨~非常好
1,贊，師傅很辛苦，很好
1,外賣，師傅都一級棒。師傅還主動幫忙幫我把垃圾帶下去，太貼心了。
1,菜很好吃，百度騎士辛苦了
1,速度超快！口感超讚！
1,"送的很快,大冷天,送餐員辛苦啦,喜歡湄州東坡的菜,四季豆有點少"
1,送餐小哥服務非常好(✪▽✪)!
1,送餐小哥辛苦了！謝謝啦！
1,good！吃的好。騎士好。都很贊！
1,味道不錯，服務不錯，
1,"味道很濃郁，速度還行,就是有點油"
1,雪天贈了兩碗暖暖的酸辣湯，外送員及時送到，辛苦！好吃！
1,"送的太快了,不是說好的十二點嗎,人和人之間的信任呢"
1,飯很好吃，一直吃眉州東坡
1,很不錯，服務很好
1,眉州就是專業阿
1,百度送貨員非常快就送來了，就是商家不給筷子不太方便！
1,"師傅態度特別好,菜的味道也很好"
1,神速的百度騎士，超級好超級好超級好
1,很方便，送餐師傅辛苦了
1,特別貼心的騎士。服務超級贊
1,神速，服務態度很好。菜品味道不錯。
1,快遞員真快，態度好，表揚
1,今天下雪。天氣寒冷。辛苦送餐員了
1,包子非常好吃，百度騎士辛苦了，大晚上的
1,包裝很好，很快，就是感覺有點少。
1,"十點就定了,怕中午人多,沒想到24分鐘就到了,送餐員態度特別好,大冷天的辛苦啦,湄州的菜很不錯"
1,菜質量很好，沒有大店欺人現象
1,服務熱情周到，菜品可口
1,味道依然是不錯的，百度騎士很靠譜！
1,我打神速還不行，非讓我湊十個字才能發
1,送餐速度快，服務熱情，大拌菜不錯，整體好評
1,速度快，送餐師傅很喜慶，很客氣！必須滿星！真棒
1,稍微晚了一點。兩個菜正好我們三個人吃，米飯的量還挺大的。味道還不錯，就是魚香肉絲裏姜放的太多了有點辣
1,非常好的一次外賣訂餐，很及時！泡菜好吃！
1,說好的豆瓣醬哪去了，忘了嗎？
1,配送人員服務態度好，菜品太美味了，還會再來，滿意！
1,這個小炒肉不好吃，我吃過的他家最難吃的菜之一
1,提前訂，還是挺快的！送餐師傅人很好！
1,金銀饅頭不適合外送，金饅頭一悶都軟了
1,挺好吃的，也乾淨，小炒肉很解饞
1,味道沒的說，好吃！！！
1,很好吃，特別是很準時，量足味美，還會再買
1,"挺好吃的,和在飯店吃一樣"
1,"大下雨天送來的,辛苦了"
1,炒飯配肉，有點膩
1,很好吃！送餐速度快！品質好！
1,非常好，送餐員超有禮貌
1,味道很好吃，配送也很及時，服務態度很好
1,很好吃！很滿意！
1,速度稍微有點慢，菜可以的，就是金銀饅頭爲啥不配煉乳啊！搞得自己弄了碟蜂蜜
1,好服務，好菜品，非常好！就是一葷一素裏面的蔬菜比期望的少一點，另外，送餐費太高、能否降一降
1,還有墊紙，非常貼心。
1,精緻，味道不錯！就是價格也高量小
1,味道很好！速度也夠快！
1,覺得很好，味道不會很重很油膩，肯定不是地溝油。
1,水煮牛肉肉好少，糉子好小
1,小貴，好吃
1,速度很快，送了蘸醬，但是上次電話訂餐沒有送。孩子喜歡吃馬盞糕和小籠包
1,大牌就是靠譜!
1,太好吃了，好吃哭了，太感動了。色香味俱全，爸媽很喜歡。
1,好吃，就是牛蛙太少了
1,比預計的快，菜品質量跟大堂的沒太大差別。
1,眉州東坡，真心不錯
1,送餐快，不錯
1,送餐快，我覺得挺好
1,"味道很正，很好吃！！不油膩，棒！！,服務也非常好！"
1,吃的很飽！一分價錢一分貨
1,一直訂眉州東坡的外賣，很滿意，特別是外送小哥，還幫我把門口的垃圾拿出去到垃圾桶，真得贊一個。
1,很棒，也很快，快遞小哥很有禮貌
1,味道好速度快包裝嚴
1,這次稍有點慢。
1,服務非常好，菜品也好吃！
1,很好吃，密封緊密
1,總體很好，不過滿百送的可樂呢？怎麼沒見到？
1,取消訂單了。
1,"味道很好,一大份,兩三個人吃都夠吃"
1,外賣小哥服務很好，送餐態度很贊，但是，忘了給我送的可樂了，另外，米飯量很大
1,味道一如既往的好，說好的微辣呢，感覺比普通還辣，但蓋不過眉州的美味，好評
1,送的還比較快•就是味道沒有在店裏吃起來好吃•總體不錯
1,味道很好，送餐速度也靠譜！
1,菜很好吃啊，速度很快啊，飯給很多啊，就是忘了送可樂了。一定是太忙，呵呵，沒關係了。
1,速度很快，就是他家菜量太小了
1,眉州東坡的菜品自然是沒話說的。
1,"味道很好，送餐很快，送餐員冒着大雨給送來的，太感謝了,。價格也不高超划算，下次還在這點外賣,。各種五星好評,。"
1,服務態度很好，還幫忙將垃圾帶下樓，謝謝那位先生
1,很喜歡這家口味
1,好吃。一直愛吃他們家的菜
1,飯菜很好吃
1,定的湯圓一份就倆個，相當無奈！
1,特別好，送外賣的大哥服務也特別好！好吃！
1,"送餐的速度超快,傳統地道冒血旺味道正宗,吃的過癮"
1,"多收了2塊錢,不知道爲什麼？"
1,服務特別好，包裝也特別好！
1,這次訂單爲啥有上次訂單的備註消息？
1,送餐小夥子可貼心了，還幫我媽把垃圾隨手帶下樓了，超級贊！
1,油稍微大點。總體還是不錯的
1,味道很好，離得不算近送來還是熱的（茄子甚至還是燙的呢！）~馬盞糕和凍糕萌萌噠~
1,都非常好，就是派送費有點貴！
1,炒飯略鹹了，味道還是不錯的，銀耳湯還是那麼好喝
1,挺好的也挺快，味道不錯！送餐小夥態度極好！
1,"有點兒慢阿,八點了纔來"
1,菜還行，送餐的路不熟，一個小時纔到
1,提前送到了，贊一個。味道同堂食基本上一樣。
1,快遞員的服務態度特別好，還主動問有沒有垃圾幫您帶下去。真心不錯。
1,送餐很快！服務不錯！
1,非常好吃，味道好極了！！
1,太貴了，八個餃子大小的包子，幾口就沒了。
1,送到還是溫的，這大冷天，辛苦騎士了!
1,送貨很快，湯包好吃。
1,經常買，湯包很好吃，蒸餃也不錯。
1,"特別感謝,天這麼冷…………"
1,神速度！太讚了啊！！
1,"速度很快,態度很好！贊！"
1,服務真的太棒了！萬分感謝快遞員
1,"還不錯,挺好,下次還點"
1,送的特別快，味道棒棒噠
1,快遞大哥很負責任，相當棒
1,"騎士態度很好啊,小籠包也很不錯"
1,快遞小哥人又專業又好！快到了提前通知，電話很有禮貌很耐心，而且按時送到了
1,好吃，下次還會在吃的
1,小籠包挺好吃的，甜香，拌麪也還可以，整體不錯~
1,包子味美，孩子很喜歡。
1,騎士服務很好，商品質量也可。
1,好吃！送得很快！不錯
1,挺好吃的送的也比較快
1,騎士速度超快！太讚了
1,第二次搞錯了訂單，我要的蔥油麪又被換成了小籠包，結果吃了兩份小籠包撐死
1,"不止一次啦,很好哦,爸爸很喜歡呢"
1,第一次，感覺不錯，孩子愛吃。
1,蔥油拌麪比較好吃，不過每次送過來都有點兒陀了，影響口感
1,"盛包子的飯盒太小了,而且下次要鋪上什麼以防包子粘飯盒底,湯包全漏了"
1,送到有點晚。雖然沒有超過賠付時間，但超過了預計到達時間。不過霧霾鎖京，還是要謝謝送餐師傅的辛苦付出
1,湯包味道尚可，可惜全都漏了。
1,菜品味道還都不錯，快遞也很快！
1,非常好速度很快服務態度很好味道超好超讚雲吞有點貴湯包便宜又好吃下次還來
1,送貨速度挺快的
1,外賣小哥速度很快，態度好，東西也好吃，贊
1,味道很贊，到家是熱滴
1,我是吃完了飯來評價的！好像完了！1點10分就送到了！非常快！
1,味道很好又訂的挺好吃
1,很貼心，湯和餛飩分開裝了
1,送餐送錯了，送來三種不同口味總計19個小籠包，也是醉了
1,很好吃，味道不錯，謝謝
1,"湯包還是挺好吃的,再次訂了"
1,"霧霾天氣,還下雨了,非常快,辛苦啦"
1,"非常快,超級方便,辛苦啦"
1,"味道很好,皮薄有湯汁"
1,送的很及時，好評。。
1,味道還不錯，就是份量太小啦！
1,很快，服務很好，非常方便，好吃
1,發票爲什麼少了30元
1,就是量特別少，味道一般吧。
1,送餐快遞很給力，飯菜都熱着呢，鮮肉小籠包和紅燒肉都不錯
1,配送超級到位，配送員認真負責
1,快！好！牛！
1,配送員特別好！很快！感謝配送員
1,"百度騎士很敬業,給100個贊"
1,"服務很好,很到位"
1,小籠包不錯，下回還會點
1,送來的有點兒晚了，麪條有點兒陀，不過味道真的不錯，贊一個！外送小哥態度也很好！
1,"奶茶雖然有點灑,但送餐小哥速度很快,面也不錯,給個好評吧"
1,配送速度很快，東西也好吃。
1,只想說這個配送速度簡直吊炸天
1,菜肉餛飩和湯分別包裝，這一點很贊！
1,服務很好，也很快，食物熱熱的
1,"運輸速度快得不行,不滿10個字"
1,謝謝師傅～送餐很快～辛苦您了～
1,灌湯包很好吃的，不錯啦。
1,速度挺快的！點贊，繼續加油？
1,速度挺快的。包子挺好吃，涼菜量太少！
1,快遞師傅人超好，湯也好喝，送的快
1,速度非常快，很好！就是打包的面怎麼都會有點坨
1,味道很好，就是面沒有拌均勻，坨了。
1,外賣小哥和店家都很好
1,鹹水鴨太少味道一般！
1,蔬菜稍微有點鹹。。。。。
1,午餐高峯時段速度很快！
1,配送速度很快，配送員服務很好，包子一如既往的好，下次還會光顧
1,不錯，好吃不貴，送餐速度快
1,特別特別好，外面馬上就要下雨，小哥快馬加鞭的來了～～神速～^_^
1,"送餐員很好,多給錢,還跑回來,給我了,很誠實"
1,謝謝咯，辛苦了。
1,很好吃，速度也快，小籠包湯汁很多，味道不錯
1,很好吃，大家吃了後都找實體店去吃了
1,一直很滿意，尤其是配送服務
1,快遞師傅很快送到，辛苦啦。
1,很好很強大，速度快，吃的還很熱乎，贊！
1,快遞阿姨很好，速度快！
1,"送餐速度很快,糖醋小排很小一盒,雲吞很大一盒"
1,服務態度好，送餐速度快，非常好～
1,肥腸粉味道不錯，就是分量有點少
1,非常好，謝謝外送員
1,配送小哥超級棒！
1,原來一直用的百度糯米下單沒評價功能，今天下了個專用客戶端，把評價補上。這個確實不咋好吃
1,南京鹽水鴨不錯，鮮肉小籠湯包皮薄很好。
1,鹽水鴨份量越來越少
1,太棒了，速度快，優惠也大！
1,忘說拿蘸料了，下次我得備註
1,很準時，菜品不錯
1,"配送員很好,包子也可以"
1,很好很滿意！
1,送餐小哥很細心
1,北菇滑雞飯稍微有些鹹
1,很喜歡的美食！
1,送餐的人非常好，特意打電話提醒我們有優惠
1,特別好，很禮貌的外賣小哥，贊
1,送餐員很棒很準時，謝謝！
1,很好吃，送餐及時！
1,味道真正好！送餐又快，以後常來！
1,送餐員，熱情，服務好！
1,外賣的米粉量有點小
1,送餐員很好。
1,"很好吃,味道非常棒,送餐很迅速,態度很好"
1,有點慢，因爲是現蒸的，着急的就別催了
1,送得特別特別快！嗖一下出現在我面前，哈哈
1,配送員很棒！
1,下次還點！
1,東西很好吃，送餐速度也非常快，只是窩蛋牛肉飯上邊寫帶湯，可是沒給~~不知道是不是忘記了~
1,相當好，味道正宗，送餐快，下次再來！
1,辣醬面好呲，好吃
1,贊，這次送的特快，小哥辛苦
1,還行吧，就是木瓜燉銀耳太少了，還沒有湯
1,湯包好吃！送得也快，天氣很熱，送餐員辛苦了！
1,很好，見過最負責配送！
1,還可以。拌麪有點幹，油多了。
1,"好~,小籠包也不錯~"
1,小哥弄灑了奶茶，不過哈哈哈我並沒有生氣啦，只是故意調戲下～面辣辣的好吃～奶茶太甜了…
1,送餐速度快~只是食物比之前的量少了
1,奧爾良烤翅中直接是夾生的，完全沒法吃的節奏⋯⋯其他很贊。強烈推薦芝士土豆球和五花肉石鍋拌飯！
1,贊，不過泡菜五花肉略辣了些，個人口味問題。
1,感覺味道沒有去實體店好吃
1,速度超級快，我吃完才確認送達的。味道也很好，份量很足。
1,送餐迅速，味道好。
1,送餐很快，量足，很好吃，方便，個別菜不是很熱，聯繫送餐時再現做。
1,三明治的沙拉醬不太好吃
1,速度很快，味道稍鹹了一點。水果沙拉不錯
1,還好，沒有什麼油水.。。。
1,就是很好～～～～
1,牛肉漢堡超級棒
1,很好吃的飯跟芝士土豆球。就是速度有點慢。
1,"很好吃,特別快就到了"
1,挺好吃的，還給了我4瓶飲料
1,"給了兩袋辣椒醬好開森,但是勺子斷了,太不抗用了,雖然我也沒怎麼期待吧"
1,"外賣小哥,大讚"
1,湯灑了些，量不錯不過灑了弄得袋子有些髒。雞蛋非常好吃！
1,很快，味道也可以
1,黑椒味道很足
1,一個人吃量有點大，希望有小份的
1,"速度很快，味道不錯,，送餐小哥態度也不錯~"
1,送餐很快很好吃
1,挺好的，不過麻煩包裝的嚴密點，漏湯真的很煩人
1,就是送餐很難，着急的童鞋慎重
1,又快又好吃……還便宜還送沙拉……
1,"剛下那個單就給你打電話了,你一分鐘就給我做出來了？平時定的時候你怎麼沒那麼快啊,這回頂個單你這麼快埋怨我"
1,還可以，送的時間算快的了，半小時吧～
1,非常好吃的，就是今天慢了點兒，
1,有點偏淡～
1,很好哦，不要米飯給送了沙拉，謝謝
1,不能再讚了，我由於餓了讓提前送了，居然20分鐘就送來了，而且服務態度很好，送餐的打大叔態度也很好。重要的是食物好吃，我非常喜歡。好評全5分
1,還不錯，就是米飯有點水…
1,味道挺好的，就是雞肉比較少～
1,年糕好辣，不是微辣，果汁是蘋果汁，送過來的沒有石榴汁，好像快過期了，沙拉怎麼好多水
1,"很好,很方便"
1,東西不錯，就是慢點
1,"實惠,送餐快"
1,魷魚炒飯比魷魚石鍋拌飯好吃
1,泡菜特別棒，大讚！
1,還可以、分量也足、但是有點軟了
1,"很方便,離學校很近"
1,"離學校近,很方便"
1,蘑菇給的分量挺足的這次
1,很好～很方便
1,好吃，划算
1,味道不錯，配菜有黃瓜、蘿蔔、蘑菇，
1,好吃~送到北中醫才十幾分鍾~\(≧▽≦)/~
1,棒棒噠！以後還會來滴～～～
1,一定要及時吃啊
1,挺好，就是薯蓉太乾了
1,雜醬麪量很大，味道不錯，就是油太大。吃完很膩，藕丁很爽口
1,味道很不錯，就是油很大，吃的有點膩！
1,前幾天點的滷肉飯要是單賣裏面的泡菜就更好了
1,很好吃，送餐速度也很快。
1,都不錯，寶貝很愛吃，快遞小哥辛苦了。
1,買多了，肉夾饃沒吃，好大一碗麪
1,很好！送餐員也很棒！
1,味道還可以，速度一般。
1,"已入肚(ฅ>ω<*ฅ)，都挺好吃的，不過重慶雜麪醬有點鹹了，感覺至少在少放上一勺鹽才能接受。味道倒是不錯。,日常:小哥辛苦了。"
1,因爲我手機信號問題送餐員沒聯繫上，於是我聯繫了店家，店家很nice幫聯繫了客服，之後送餐員就馬上送到啦~面還是很熱的~店家和送餐員贊(*￣▽￣)y
1,配送服務很好。味道很正。
1,謝謝快遞師傅，辛苦啦
1,送的很快的態度很好食物也好
1,夠爽，好吃，一個人吃有點多
1,好吃，小貴。比附近另一家對我口味
1,"送餐很快,大哥說湯灑了一點兒,我覺得態度還是很好的,不介意。他家這抄手一如既往的好啊"
1,送餐及時，味道不錯～～優惠了好多～
1,味兒很正！也準時！贊一個！
1,"滷肉飯不要這麼好吃好嗎！！！分開放我很喜歡,盒子也很大,配菜真心很全面,酸蘿蔔胡蘿蔔紫菜花,泡腳。涼粉不是很辣,以後就翻你家牌牌了,哈哈哈"
1,送餐員態度很好，效率高
1,"很好,很實惠"
1,配送員很好
1,抄手很難吃，慎點，巧手大拌菜推薦，真的不錯
1,不錯，就是餐盒貴
1,火燒夾肉好鹹啊！沒法吃。其他還行
1,"味道不錯,配送速度比預計快"